,raw,post
2198,raw/2198.nc,post/2198.nc
1478,raw/1478.nc,post/1478.nc
130,raw/130.nc,post/130.nc
2951,raw/2951.nc,post/2951.nc
2547,raw/2547.nc,post/2547.nc
1680,raw/1680.nc,post/1680.nc
2898,raw/2898.nc,post/2898.nc
1506,raw/1506.nc,post/1506.nc
2984,raw/2984.nc,post/2984.nc
2483,raw/2483.nc,post/2483.nc
554,raw/554.nc,post/554.nc
1999,raw/1999.nc,post/1999.nc
1473,raw/1473.nc,post/1473.nc
2626,raw/2626.nc,post/2626.nc
2887,raw/2887.nc,post/2887.nc
530,raw/530.nc,post/530.nc
1808,raw/1808.nc,post/1808.nc
2446,raw/2446.nc,post/2446.nc
2314,raw/2314.nc,post/2314.nc
1385,raw/1385.nc,post/1385.nc
1322,raw/1322.nc,post/1322.nc
2470,raw/2470.nc,post/2470.nc
1780,raw/1780.nc,post/1780.nc
2128,raw/2128.nc,post/2128.nc
2536,raw/2536.nc,post/2536.nc
1411,raw/1411.nc,post/1411.nc
2457,raw/2457.nc,post/2457.nc
2719,raw/2719.nc,post/2719.nc
2738,raw/2738.nc,post/2738.nc
1493,raw/1493.nc,post/1493.nc
221,raw/221.nc,post/221.nc
1155,raw/1155.nc,post/1155.nc
2821,raw/2821.nc,post/2821.nc
1440,raw/1440.nc,post/1440.nc
1553,raw/1553.nc,post/1553.nc
487,raw/487.nc,post/487.nc
1705,raw/1705.nc,post/1705.nc
852,raw/852.nc,post/852.nc
771,raw/771.nc,post/771.nc
2661,raw/2661.nc,post/2661.nc
191,raw/191.nc,post/191.nc
1489,raw/1489.nc,post/1489.nc
2302,raw/2302.nc,post/2302.nc
2756,raw/2756.nc,post/2756.nc
97,raw/97.nc,post/97.nc
2412,raw/2412.nc,post/2412.nc
1904,raw/1904.nc,post/1904.nc
1446,raw/1446.nc,post/1446.nc
2532,raw/2532.nc,post/2532.nc
1384,raw/1384.nc,post/1384.nc
2360,raw/2360.nc,post/2360.nc
260,raw/260.nc,post/260.nc
2554,raw/2554.nc,post/2554.nc
2304,raw/2304.nc,post/2304.nc
745,raw/745.nc,post/745.nc
291,raw/291.nc,post/291.nc
1490,raw/1490.nc,post/1490.nc
2069,raw/2069.nc,post/2069.nc
2322,raw/2322.nc,post/2322.nc
84,raw/84.nc,post/84.nc
965,raw/965.nc,post/965.nc
754,raw/754.nc,post/754.nc
149,raw/149.nc,post/149.nc
2780,raw/2780.nc,post/2780.nc
929,raw/929.nc,post/929.nc
1163,raw/1163.nc,post/1163.nc
2060,raw/2060.nc,post/2060.nc
2968,raw/2968.nc,post/2968.nc
692,raw/692.nc,post/692.nc
1912,raw/1912.nc,post/1912.nc
766,raw/766.nc,post/766.nc
366,raw/366.nc,post/366.nc
86,raw/86.nc,post/86.nc
2605,raw/2605.nc,post/2605.nc
61,raw/61.nc,post/61.nc
1841,raw/1841.nc,post/1841.nc
859,raw/859.nc,post/859.nc
1183,raw/1183.nc,post/1183.nc
2553,raw/2553.nc,post/2553.nc
646,raw/646.nc,post/646.nc
1444,raw/1444.nc,post/1444.nc
2793,raw/2793.nc,post/2793.nc
698,raw/698.nc,post/698.nc
71,raw/71.nc,post/71.nc
1612,raw/1612.nc,post/1612.nc
973,raw/973.nc,post/973.nc
2399,raw/2399.nc,post/2399.nc
687,raw/687.nc,post/687.nc
1459,raw/1459.nc,post/1459.nc
1033,raw/1033.nc,post/1033.nc
2894,raw/2894.nc,post/2894.nc
1482,raw/1482.nc,post/1482.nc
1848,raw/1848.nc,post/1848.nc
1321,raw/1321.nc,post/1321.nc
1548,raw/1548.nc,post/1548.nc
1423,raw/1423.nc,post/1423.nc
713,raw/713.nc,post/713.nc
1954,raw/1954.nc,post/1954.nc
691,raw/691.nc,post/691.nc
280,raw/280.nc,post/280.nc
