0,1
LBFGSB,610
LBFGSB,611
LBFGSB,612
LBFGSB,613
LBFGSB,614
LBFGSB,615
LBFGSB,616
LBFGSB,617
LBFGSB,618
LBFGSB,619
Adam,710
Adam,711
Adam,712
Adam,713
Adam,714
Adam,715
Adam,716
Adam,717
Adam,718
Adam,719
Adam,840
Adam,841
Adam,842
LBFGSB,843
Adam,844
Adam,845
Adam,846
Adam,847
Adam,848
Adam,849
RandomSearch,860
RandomSearch,861
RandomSearch,862
RandomSearch,863
RandomSearch,864
RandomSearch,865
RandomSearch,866
RandomSearch,867
RandomSearch,868
RandomSearch,869
Adam,970
Adam,971
Adam,972
Adam,973
Adam,974
Adam,975
Adam,976
Adam,977
Adam,978
Adam,979
LBFGSB,1300
LBFGSB,1301
LBFGSB,1302
LBFGSB,1303
LBFGSB,1304
LBFGSB,1305
LBFGSB,1306
LBFGSB,1307
LBFGSB,1308
LBFGSB,1309
Adam,1490
Adam,1491
Adam,1492
Adam,1493
Adam,1494
Adam,1495
Adam,1496
Adam,1497
Adam,1498
Adam,1499
Adam,1910
Adam,1911
Adam,1912
Adam,1913
Adam,1914
Adam,1915
Adam,1916
Adam,1917
PSO,1918
Adam,1919
CMAES,2210
CMAES,2211
CMAES,2212
CMAES,2213
CMAES,2214
CMAES,2215
Adam,2216
CMAES,2217
CMAES,2218
CMAES,2219
CMAES,2600
CMAES,2601
CMAES,2602
CMAES,2603
CMAES,2604
CMAES,2605
CMAES,2606
CMAES,2607
CMAES,2608
CMAES,2609
Adam,2800
Adam,2801
Adam,2802
Adam,2803
Adam,2804
Adam,2805
Adam,2806
PSO,2807
Adam,2808
Adam,2809
CMAES,2910
PSO,2911
CMAES,2912
PSO,2913
CMAES,2914
PSO,2915
CMAES,2916
CMAES,2917
CMAES,2918
CMAES,2919
LBFGSB,3660
LBFGSB,3661
LBFGSB,3662
LBFGSB,3663
LBFGSB,3664
LBFGSB,3665
LBFGSB,3666
LBFGSB,3667
LBFGSB,3668
LBFGSB,3669
CMAES,4870
CMAES,4871
CMAES,4872
PSO,4873
CMAES,4874
CMAES,4875
CMAES,4876
CMAES,4877
CMAES,4878
CMAES,4879
CMAES,5300
PSO,5301
PSO,5302
PSO,5303
PSO,5304
PSO,5305
PSO,5306
CMAES,5307
CMAES,5308
PSO,5309
Adam,5540
Adam,5541
Adam,5542
Adam,5543
Adam,5544
Adam,5545
Adam,5546
Adam,5547
Adam,5548
Adam,5549
Adam,6460
Adam,6461
Adam,6462
Adam,6463
Adam,6464
Adam,6465
Adam,6466
Adam,6467
Adam,6468
Adam,6469
Adam,6870
Adam,6871
Adam,6872
Adam,6873
Adam,6874
Adam,6875
RandomSearch,6876
Adam,6877
Adam,6878
Adam,6879
CMAES,6910
CMAES,6911
PSO,6912
CMAES,6913
CMAES,6914
PSO,6915
CMAES,6916
CMAES,6917
CMAES,6918
CMAES,6919
LBFGSB,6920
LBFGSB,6921
LBFGSB,6922
LBFGSB,6923
LBFGSB,6924
LBFGSB,6925
LBFGSB,6926
LBFGSB,6927
LBFGSB,6928
LBFGSB,6929
LBFGSB,6980
LBFGSB,6981
LBFGSB,6982
LBFGSB,6983
LBFGSB,6984
LBFGSB,6985
LBFGSB,6986
LBFGSB,6987
LBFGSB,6988
LBFGSB,6989
CMAES,7130
CMAES,7131
CMAES,7132
CMAES,7133
PSO,7134
PSO,7135
Adam,7136
CMAES,7137
PSO,7138
CMAES,7139
LBFGSB,7450
LBFGSB,7451
LBFGSB,7452
LBFGSB,7453
LBFGSB,7454
LBFGSB,7455
LBFGSB,7456
LBFGSB,7457
LBFGSB,7458
LBFGSB,7459
Adam,7540
Adam,7541
Adam,7542
Adam,7543
Adam,7544
Adam,7545
Adam,7546
Adam,7547
Adam,7548
Adam,7549
Adam,7660
Adam,7661
Adam,7662
Adam,7663
Adam,7664
Adam,7665
Adam,7666
Adam,7667
Adam,7668
Adam,7669
CMAES,7710
CMAES,7711
CMAES,7712
CMAES,7713
CMAES,7714
CMAES,7715
CMAES,7716
CMAES,7717
CMAES,7718
CMAES,7719
CMAES,8520
CMAES,8521
CMAES,8522
LBFGSB,8523
CMAES,8524
CMAES,8525
LBFGSB,8526
CMAES,8527
CMAES,8528
CMAES,8529
LBFGSB,8590
LBFGSB,8591
LBFGSB,8592
LBFGSB,8593
LBFGSB,8594
LBFGSB,8595
LBFGSB,8596
LBFGSB,8597
LBFGSB,8598
LBFGSB,8599
CMAES,9290
CMAES,9291
CMAES,9292
CMAES,9293
CMAES,9294
CMAES,9295
CMAES,9296
CMAES,9297
CMAES,9298
CMAES,9299
Adam,9650
Adam,9651
Adam,9652
Adam,9653
Adam,9654
Adam,9655
Adam,9656
Adam,9657
Adam,9658
Adam,9659
CMAES,9730
PSO,9731
CMAES,9732
CMAES,9733
CMAES,9734
CMAES,9735
CMAES,9736
PSO,9737
CMAES,9738
CMAES,9739
Adam,10330
Adam,10331
Adam,10332
Adam,10333
Adam,10334
Adam,10335
Adam,10336
Adam,10337
Adam,10338
Adam,10339
Adam,11550
Adam,11551
Adam,11552
Adam,11553
Adam,11554
Adam,11555
Adam,11556
Adam,11557
PSO,11558
Adam,11559
Adam,11630
Adam,11631
Adam,11632
Adam,11633
Adam,11634
Adam,11635
Adam,11636
Adam,11637
Adam,11638
Adam,11639
Adam,11830
Adam,11831
Adam,11832
Adam,11833
PSO,11834
PSO,11835
Adam,11836
Adam,11837
Adam,11838
Adam,11839
PSO,13210
Adam,13211
Adam,13212
Adam,13213
Adam,13214
Adam,13215
Adam,13216
Adam,13217
Adam,13218
Adam,13219
LBFGSB,13220
LBFGSB,13221
LBFGSB,13222
LBFGSB,13223
LBFGSB,13224
LBFGSB,13225
LBFGSB,13226
LBFGSB,13227
LBFGSB,13228
LBFGSB,13229
CMAES,13840
CMAES,13841
CMAES,13842
CMAES,13843
CMAES,13844
CMAES,13845
RandomSearch,13846
CMAES,13847
PSO,13848
CMAES,13849
Adam,13850
Adam,13851
Adam,13852
Adam,13853
Adam,13854
Adam,13855
Adam,13856
Adam,13857
Adam,13858
Adam,13859
CMAES,14110
CMAES,14111
CMAES,14112
CMAES,14113
CMAES,14114
CMAES,14115
CMAES,14116
CMAES,14117
CMAES,14118
CMAES,14119
LBFGSB,14230
LBFGSB,14231
LBFGSB,14232
LBFGSB,14233
LBFGSB,14234
LBFGSB,14235
LBFGSB,14236
LBFGSB,14237
LBFGSB,14238
LBFGSB,14239
CMAES,14400
PSO,14401
CMAES,14402
CMAES,14403
PSO,14404
PSO,14405
PSO,14406
CMAES,14407
PSO,14408
CMAES,14409
Adam,14440
Adam,14441
Adam,14442
PSO,14443
Adam,14444
Adam,14445
PSO,14446
Adam,14447
Adam,14448
Adam,14449
Adam,14460
Adam,14461
Adam,14462
Adam,14463
Adam,14464
Adam,14465
Adam,14466
Adam,14467
Adam,14468
Adam,14469
Adam,14590
Adam,14591
Adam,14592
Adam,14593
Adam,14594
Adam,14595
Adam,14596
Adam,14597
Adam,14598
PSO,14599
Adam,14730
Adam,14731
Adam,14732
Adam,14733
Adam,14734
Adam,14735
PSO,14736
Adam,14737
Adam,14738
Adam,14739
PSO,14780
PSO,14781
PSO,14782
PSO,14783
PSO,14784
PSO,14785
CMAES,14786
CMAES,14787
PSO,14788
CMAES,14789
Adam,14820
Adam,14821
Adam,14822
Adam,14823
Adam,14824
Adam,14825
Adam,14826
Adam,14827
Adam,14828
Adam,14829
CMAES,14890
CMAES,14891
CMAES,14892
PSO,14893
PSO,14894
CMAES,14895
CMAES,14896
PSO,14897
PSO,14898
PSO,14899
CMAES,14900
Adam,14901
Adam,14902
Adam,14903
Adam,14904
CMAES,14905
Adam,14906
Adam,14907
Adam,14908
CMAES,14909
CMAES,14930
CMAES,14931
CMAES,14932
CMAES,14933
CMAES,14934
CMAES,14935
CMAES,14936
CMAES,14937
CMAES,14938
CMAES,14939
Adam,15060
Adam,15061
Adam,15062
Adam,15063
Adam,15064
Adam,15065
Adam,15066
Adam,15067
Adam,15068
Adam,15069
PSO,15480
PSO,15481
Adam,15482
PSO,15483
PSO,15484
PSO,15485
PSO,15486
LBFGSB,15487
PSO,15488
Adam,15489
LBFGSB,15530
LBFGSB,15531
LBFGSB,15532
LBFGSB,15533
LBFGSB,15534
LBFGSB,15535
LBFGSB,15536
LBFGSB,15537
LBFGSB,15538
LBFGSB,15539
PSO,16120
LBFGSB,16121
Adam,16122
PSO,16123
Adam,16124
PSO,16125
PSO,16126
PSO,16127
PSO,16128
PSO,16129
LBFGSB,16800
LBFGSB,16801
LBFGSB,16802
LBFGSB,16803
LBFGSB,16804
LBFGSB,16805
LBFGSB,16806
LBFGSB,16807
LBFGSB,16808
LBFGSB,16809
CMAES,17050
CMAES,17051
CMAES,17052
PSO,17053
PSO,17054
CMAES,17055
PSO,17056
CMAES,17057
CMAES,17058
PSO,17059
LBFGSB,17800
LBFGSB,17801
LBFGSB,17802
LBFGSB,17803
LBFGSB,17804
LBFGSB,17805
LBFGSB,17806
LBFGSB,17807
LBFGSB,17808
LBFGSB,17809
LBFGSB,18080
LBFGSB,18081
LBFGSB,18082
LBFGSB,18083
LBFGSB,18084
LBFGSB,18085
LBFGSB,18086
LBFGSB,18087
LBFGSB,18088
LBFGSB,18089
LBFGSB,18410
LBFGSB,18411
LBFGSB,18412
LBFGSB,18413
LBFGSB,18414
LBFGSB,18415
LBFGSB,18416
LBFGSB,18417
LBFGSB,18418
LBFGSB,18419
Adam,18480
Adam,18481
Adam,18482
Adam,18483
Adam,18484
Adam,18485
Adam,18486
Adam,18487
Adam,18488
Adam,18489
LBFGSB,19040
LBFGSB,19041
LBFGSB,19042
LBFGSB,19043
LBFGSB,19044
LBFGSB,19045
LBFGSB,19046
LBFGSB,19047
LBFGSB,19048
LBFGSB,19049
Adam,19120
Adam,19121
Adam,19122
Adam,19123
Adam,19124
PSO,19125
Adam,19126
Adam,19127
Adam,19128
Adam,19129
LBFGSB,19540
LBFGSB,19541
LBFGSB,19542
LBFGSB,19543
LBFGSB,19544
LBFGSB,19545
LBFGSB,19546
LBFGSB,19547
LBFGSB,19548
LBFGSB,19549
Adam,19990
Adam,19991
Adam,19992
Adam,19993
Adam,19994
Adam,19995
Adam,19996
Adam,19997
Adam,19998
Adam,19999
LBFGSB,20600
LBFGSB,20601
LBFGSB,20602
LBFGSB,20603
LBFGSB,20604
LBFGSB,20605
LBFGSB,20606
LBFGSB,20607
LBFGSB,20608
LBFGSB,20609
Adam,20690
Adam,20691
Adam,20692
Adam,20693
Adam,20694
Adam,20695
Adam,20696
Adam,20697
Adam,20698
Adam,20699
PSO,21280
Adam,21281
PSO,21282
PSO,21283
PSO,21284
PSO,21285
Adam,21286
Adam,21287
PSO,21288
PSO,21289
Adam,21980
Adam,21981
Adam,21982
Adam,21983
Adam,21984
Adam,21985
Adam,21986
Adam,21987
Adam,21988
Adam,21989
PSO,23020
PSO,23021
CMAES,23022
CMAES,23023
PSO,23024
PSO,23025
CMAES,23026
CMAES,23027
Adam,23028
PSO,23029
PSO,23040
PSO,23041
PSO,23042
PSO,23043
PSO,23044
PSO,23045
CMAES,23046
PSO,23047
PSO,23048
PSO,23049
CMAES,23140
CMAES,23141
Adam,23142
CMAES,23143
Adam,23144
CMAES,23145
CMAES,23146
CMAES,23147
CMAES,23148
CMAES,23149
LBFGSB,23220
LBFGSB,23221
LBFGSB,23222
LBFGSB,23223
LBFGSB,23224
LBFGSB,23225
LBFGSB,23226
LBFGSB,23227
LBFGSB,23228
LBFGSB,23229
LBFGSB,23600
LBFGSB,23601
LBFGSB,23602
LBFGSB,23603
LBFGSB,23604
LBFGSB,23605
LBFGSB,23606
LBFGSB,23607
LBFGSB,23608
LBFGSB,23609
Adam,23990
Adam,23991
Adam,23992
Adam,23993
PSO,23994
Adam,23995
Adam,23996
Adam,23997
Adam,23998
Adam,23999
Adam,24120
Adam,24121
Adam,24122
Adam,24123
Adam,24124
Adam,24125
Adam,24126
CMAES,24127
Adam,24128
Adam,24129
Adam,24460
Adam,24461
Adam,24462
Adam,24463
Adam,24464
Adam,24465
Adam,24466
Adam,24467
Adam,24468
Adam,24469
Adam,24570
Adam,24571
Adam,24572
Adam,24573
Adam,24574
Adam,24575
Adam,24576
Adam,24577
Adam,24578
Adam,24579
CMAES,24700
Adam,24701
Adam,24702
Adam,24703
PSO,24704
Adam,24705
PSO,24706
PSO,24707
PSO,24708
PSO,24709
Adam,24830
PSO,24831
Adam,24832
Adam,24833
Adam,24834
Adam,24835
Adam,24836
Adam,24837
Adam,24838
Adam,24839
LBFGSB,25320
LBFGSB,25321
LBFGSB,25322
LBFGSB,25323
LBFGSB,25324
LBFGSB,25325
LBFGSB,25326
LBFGSB,25327
LBFGSB,25328
LBFGSB,25329
PSO,25360
PSO,25361
PSO,25362
PSO,25363
PSO,25364
PSO,25365
PSO,25366
PSO,25367
PSO,25368
PSO,25369
CMAES,25470
CMAES,25471
CMAES,25472
CMAES,25473
CMAES,25474
Adam,25475
CMAES,25476
CMAES,25477
CMAES,25478
Adam,25479
CMAES,25530
Adam,25531
CMAES,25532
CMAES,25533
Adam,25534
Adam,25535
Adam,25536
CMAES,25537
CMAES,25538
Adam,25539
PSO,25540
CMAES,25541
CMAES,25542
CMAES,25543
PSO,25544
CMAES,25545
CMAES,25546
PSO,25547
PSO,25548
PSO,25549
CMAES,26050
PSO,26051
PSO,26052
CMAES,26053
CMAES,26054
CMAES,26055
CMAES,26056
CMAES,26057
CMAES,26058
CMAES,26059
CMAES,26260
CMAES,26261
CMAES,26262
PSO,26263
PSO,26264
CMAES,26265
CMAES,26266
CMAES,26267
PSO,26268
PSO,26269
Adam,26610
Adam,26611
Adam,26612
Adam,26613
Adam,26614
Adam,26615
Adam,26616
Adam,26617
Adam,26618
Adam,26619
CMAES,27190
CMAES,27191
PSO,27192
PSO,27193
CMAES,27194
CMAES,27195
PSO,27196
Adam,27197
CMAES,27198
CMAES,27199
Adam,27380
Adam,27381
Adam,27382
Adam,27383
Adam,27384
CMAES,27385
Adam,27386
Adam,27387
Adam,27388
Adam,27389
Adam,27560
Adam,27561
Adam,27562
Adam,27563
Adam,27564
Adam,27565
Adam,27566
Adam,27567
Adam,27568
Adam,27569
CMAES,27800
CMAES,27801
PSO,27802
LBFGSB,27803
LBFGSB,27804
LBFGSB,27805
CMAES,27806
CMAES,27807
LBFGSB,27808
CMAES,27809
CMAES,27930
CMAES,27931
Adam,27932
Adam,27933
Adam,27934
PSO,27935
CMAES,27936
Adam,27937
PSO,27938
PSO,27939
PSO,28210
CMAES,28211
PSO,28212
CMAES,28213
CMAES,28214
PSO,28215
PSO,28216
PSO,28217
PSO,28218
PSO,28219
LBFGSB,28870
LBFGSB,28871
LBFGSB,28872
LBFGSB,28873
LBFGSB,28874
LBFGSB,28875
LBFGSB,28876
LBFGSB,28877
LBFGSB,28878
LBFGSB,28879
LBFGSB,28940
LBFGSB,28941
LBFGSB,28942
LBFGSB,28943
LBFGSB,28944
LBFGSB,28945
LBFGSB,28946
LBFGSB,28947
LBFGSB,28948
LBFGSB,28949
LBFGSB,28980
LBFGSB,28981
LBFGSB,28982
LBFGSB,28983
LBFGSB,28984
LBFGSB,28985
LBFGSB,28986
LBFGSB,28987
LBFGSB,28988
LBFGSB,28989
PSO,29510
LBFGSB,29511
LBFGSB,29512
LBFGSB,29513
LBFGSB,29514
LBFGSB,29515
LBFGSB,29516
LBFGSB,29517
LBFGSB,29518
PSO,29519
Adam,29680
Adam,29681
Adam,29682
Adam,29683
Adam,29684
Adam,29685
Adam,29686
Adam,29687
Adam,29688
Adam,29689
Adam,29840
Adam,29841
Adam,29842
Adam,29843
Adam,29844
Adam,29845
Adam,29846
Adam,29847
Adam,29848
Adam,29849
